<?xml version="1.0" encoding="UTF-8"?>
<project-private xmlns="http://www.netbeans.org/ns/project-private/1">
    <editor-bookmarks xmlns="http://www.netbeans.org/ns/editor-bookmarks/2" lastBookmarkId="0"/>
    <open-files xmlns="http://www.netbeans.org/ns/projectui-open-files/2">
        <group>
            <file>file:/Users/senda/Desktop/ProjetBP/BonPlanX/src/GUI/QRCodeGenerator.java</file>
            <file>file:/Users/senda/Desktop/ProjetBP/BonPlanX/src/GUI/BonPlanMenuController.java</file>
            <file>file:/Users/senda/Desktop/ProjetBP/BonPlanX/src/Images/28170581_1586991544689705_112971548_o.png</file>
            <file>file:/Users/senda/Desktop/ProjetBP/BonPlanX/src/Images/175x175bb.jpg</file>
            <file>file:/Users/senda/Desktop/ProjetBP/BonPlanX/src/GUI/AcceuilController.java</file>
            <file>file:/Users/senda/Desktop/ProjetBP/BonPlanX/src/GUI/EventMembreController.java</file>
            <file>file:/Users/senda/Desktop/ProjetBP/BonPlanX/src/GUI/StartingPage.java</file>
            <file>file:/Users/senda/Desktop/ProjetBP/BonPlanX/src/bonplan/BonPlan.java</file>
            <file>file:/Users/senda/Desktop/ProjetBP/BonPlanX/src/Images/239.jpg</file>
            <file>file:/Users/senda/Desktop/ProjetBP/BonPlanX/src/GUI/gnrique-final.jpg</file>
            <file>file:/Users/senda/Desktop/ProjetBP/BonPlanX/src/GUI/EventplaneurAffichController.java</file>
            <file>file:/Users/senda/Desktop/ProjetBP/BonPlanX/src/Images/239_1.jpg</file>
            <file>file:/Users/senda/Desktop/ProjetBP/BonPlanX/src/GUI/EventAdminController.java</file>
            <file>file:/Users/senda/Desktop/ProjetBP/BonPlanX/src/GUI/LoginController.java</file>
        </group>
    </open-files>
</project-private>
